feature_id,inchi_key
"1,5-Anhydrosorbitol.M013A.3500",MPCAJMNYNOGXPB-SLPGGIOYSA-N
"1,6-ANHYDRO-B-GLUCOSE.M013A.3417",TWNIBLMWSKIRAT-VFUOTHLCSA-N
1-Aminocyclopropanecarboxylic acid.M013A.676,PAJPWUMXBYXFCZ-UHFFFAOYSA-N
1-Isothiocyanatobutane.M012A.342,LIMQQADUEULBSO-UHFFFAOYSA-N
1-Methyladenosine.M012A.3194,GFYLSDSUCHVORB-IOSLPCCCSA-N
1-Methyladenosine.M013A.8855,GFYLSDSUCHVORB-IOSLPCCCSA-N
1-Methylhistidine.M013A.3638,BRMWTNUJHUMWMS-LURJTMIESA-N
1-Methylnicotinamide.M012A.726,LDHMAVIPBRSVRG-UHFFFAOYSA-O
1-Phenyl-1-pentanone.M012A.1204,XKGLSKVNOSHTAD-UHFFFAOYSA-N
1-Phenylethylamine.M012A.484,RQEUFEKYXDPUSK-UHFFFAOYSA-N
10-Hydroxydecanoate.M013A.4623,YJCJVMMDTBEITC-UHFFFAOYSA-N
12-Hydroxydodecanoic acid.M013A.6042,ZDHCZVWCTKTBRY-UHFFFAOYSA-N
2'-O-Methylcytidine.M012A.2834,BWQUCFRVXFREJL-ZOQUXTDFSA-N
2'-O-methylguanosine.M013A.9402,OVYNGSFVYRPRCG-KQYNXXCUSA-N
"2,3-Pentanedione.M013A.658",TZMFJUDUGYTVRY-UHFFFAOYSA-N
"2,4-DIHYDROXYBUTANOIC ACID.M013A.1565",UFYGCFHQAXXBCF-UHFFFAOYSA-N
"2,6-Di-tert-butyl-4-hydroxymethylphenol.M013A.6928",HNURKXXMYARGAY-UHFFFAOYSA-N
2-Aminooctanoic acid.M012A.1173,AKVBCGQVQXPRLD-UHFFFAOYSA-N
2-Aminooctanoic acid.M013A.3061,AKVBCGQVQXPRLD-UHFFFAOYSA-N
2-Aminophenol.M012A.263,CDAWCLOXVUBKRW-UHFFFAOYSA-N
2-Ethyl-2-hydroxybutyric acid.M013A.1789,LXVSANCQXSSLPA-UHFFFAOYSA-N
2-Furoic acid.M013A.1078,SMNDYUVBFMFKNZ-UHFFFAOYSA-N
2-HYDROXYHEXANEDIOIC ACID.M013A.3418,OTTXIFWBPRRYOG-UHFFFAOYSA-N
2-Hydroxy-2-methylbutyric acid.M013A.1230,MBIQENSCDNJOIY-UHFFFAOYSA-N
2-Hydroxyglutarate.M013A.2646,HWXBTNAVRSUOJR-UHFFFAOYSA-N
2-METHYLGLUTARIC ACID.M013A.2538,AQYCMVICBNBXNA-UHFFFAOYSA-N
2-METHYLMALEIC ACID.M013A.1894,HNEGQIOMVPPMNR-IHWYPQMZSA-N
2-Methylhippuric acid.M012A.1820,YOEBAVRJHRCKRE-UHFFFAOYSA-N
2-Methylhippuric acid.M013A.4934,YOEBAVRJHRCKRE-UHFFFAOYSA-N
"2-OXOBUTANOATE-20.0,50.0,100.0.M013A.797",TYEYBOSBBBHJIV-UHFFFAOYSA-M
2-Oxoglutarate.M013A.2556,KPGXRSRHYNQIFN-UHFFFAOYSA-N
2-Phosphoglyceric acid.M013A.4450,GXIURPTVHJPJLF-UHFFFAOYSA-N
2-Piperidinone.M012A.210,XUWHAWMETYGRKB-UHFFFAOYSA-N
2-Pyrrolidinone.M012A.73,HNJBEVLQSNELDL-UHFFFAOYSA-N
2-hydroxycinnamic acid.M013A.3309,PMOWTIHVNWZYFI-AATRIKPKSA-N
"3,4-Dimethylbenzoic acid.M013A.2620",OPVAJFQBSDUNQA-UHFFFAOYSA-N
3-(2-Hydroxyphenyl)propanoic acid.M013A.3427,CJBDUOMQLFKVQC-UHFFFAOYSA-N
3-Amino-5-hydroxybenzoic acid.M012A.1007,QPEJHSFTZVMSJH-UHFFFAOYSA-N
3-Amino-5-hydroxybenzoic acid.M013A.2813,QPEJHSFTZVMSJH-UHFFFAOYSA-N
3-Dehydroxycarnitine.M012A.944,JHPNVNIEXXLNTR-UHFFFAOYSA-N
3-Hydroxybenzaldehyde.M012A.470,IAVREABSGIHHMO-UHFFFAOYSA-N
3-Hydroxybenzaldehyde.M013A.1538,IAVREABSGIHHMO-UHFFFAOYSA-N
3-Hydroxybutyric acid.M013A.882,WHBMMWSBFZVSSR-GSVOUGTGSA-N
3-Hydroxymethylglutarate.M012A.1190,NPOAOTPXWNWTSH-UHFFFAOYSA-N
3-Hydroxymethylglutarate.M013A.3416,NPOAOTPXWNWTSH-UHFFFAOYSA-N
3-Indoleacetonitrile.M012A.1088,DMCPFOBLJMLSNX-UHFFFAOYSA-N
3-Methylglutarate.M012A.878,XJMMNTGIMDZPMU-UHFFFAOYSA-N
3-Methylhistamine.M012A.519,CPAGZVLINCPJEH-UHFFFAOYSA-N
3-Methylhistidine.M013A.3639,JDHILDINMRGULE-LURJTMIESA-N
3-Methylphenylacetic acid.M012A.951,GJMPSRSMBJLKKB-UHFFFAOYSA-N
3-Methylxanthine.M013A.3569,GMSNIKWWOQHZGF-UHFFFAOYSA-N
3-Nitrotyrosine.M013A.6470,FBTSQILOGYXGMD-LURJTMIESA-N
3-O-methyldopa.M012A.2111,PFDUUKDQEHURQC-UHFFFAOYSA-N
3-Sulfinoalanine.M013A.2769,ADVPTQAUNPRNPO-REOHCLBHSA-N
4-Acetamidobutanoic acid.M012A.863,UZTFMUBKZQVKLK-UHFFFAOYSA-N
4-Guanidinobutanoic acid.M012A.879,TUHVEAJXIMEOSA-UHFFFAOYSA-N
4-Hydroxybenzoic acid.M013A.2319,FJKROLUGYXJWQN-UHFFFAOYSA-N
4-Hydroxyphenylpyruvic acid.M013A.4286,KKADPXVIOXHVKN-UHFFFAOYSA-N
4-METHYLVALERIC ACID.M013A.1170,FGKJLKRYENPLQH-UHFFFAOYSA-N
4-Methylsalicylic acid.M013A.2775,NJESAXZANHETJV-UHFFFAOYSA-N
4-Pyridoxic acid.M012A.1607,HXACOUQIXZGNBF-UHFFFAOYSA-N
4-Pyridoxic acid.M013A.4355,HXACOUQIXZGNBF-UHFFFAOYSA-N
4-Quinolinecarboxylic acid.M012A.1403,VQMSRUREDGBWKT-UHFFFAOYSA-N
4-Vinylphenol.M013A.1316,FUGYGGDSWSUORM-UHFFFAOYSA-N
5'-Methylthioadenosine.M012A.3405,WUUGFSXJNOTRMR-IOSLPCCCSA-N
5-Aminopentanoic acid.M013A.1338,JJMDCOVWQOJGCB-UHFFFAOYSA-N
5-Hydroxy-tryptophan.M012A.2253,LDCYZAJDBXYCGN-VIFPVBQESA-N
5-Hydroxy-tryptophan.M013A.6247,LDCYZAJDBXYCGN-VIFPVBQESA-N
5-Methylcytidine.M012A.2835,ZAYHVCMSTBRABG-JXOAFFINSA-N
5-Methylcytidine.M013A.7916,ZAYHVCMSTBRABG-JXOAFFINSA-N
5-Methylcytosine.M012A.514,LRSASMSXMSNRBT-UHFFFAOYSA-N
5-Valerolactone.M012A.186,OZJPLYNZGCXSJM-UHFFFAOYSA-N
6-Hydroxynicotinic acid.M013A.2176,BLHCMGRVFXRYRN-UHFFFAOYSA-N
6-Hydroxynicotinic acid.M013A.2177,BLHCMGRVFXRYRN-UHFFFAOYSA-N
7-Methylguanine.M013A.3352,FZWGECJQACGGTI-UHFFFAOYSA-N
7-Methylguanosine.M012A.3409,OGHAROSJZRTIOK-KQYNXXCUSA-O
7-Methyluric acid.M013A.4330,YHNNPKUFPWLTOP-UHFFFAOYSA-N
7-Methylxanthine.M013A.3568,PFWLFWPASULGAN-UHFFFAOYSA-N
9-Methylguanine.M012A.1247,UUWJNBOCAPUTBK-UHFFFAOYSA-N
ACETYL-CARNITINE.M013A.5526,RDHQFKQIGNGIED-MRVPVSSYSA-N
Acetoacetic acid.M012A.204,WDJHALXBUFZDSR-UHFFFAOYSA-N
Acetoacetic acid.M013A.796,WDJHALXBUFZDSR-UHFFFAOYSA-N
Acetoin.M012A.102,ROWKJAVDOGWPAT-UHFFFAOYSA-N
Acetoin.M013A.439,ROWKJAVDOGWPAT-UHFFFAOYSA-N
Acetylcarnitine.M012A.2378,RDHQFKQIGNGIED-MRVPVSSYSA-N
Acetylcholine.M012A.945,JUGOREOARAHOCO-UHFFFAOYSA-M
Acetylglycine.M013A.1227,OKJIRPAQVSHGFK-UHFFFAOYSA-N
Aconitate.M013A.3962,GTZCVFVGUGFEME-HNQUOIGGSA-N
Adenine.M012A.669,GFFGJBXGBJISGV-UHFFFAOYSA-N
Adenosine.M012A.2982,OIRDTQYFTABQOQ-KQYNXXCUSA-N
Adipic acid.M013A.2540,WNLRTRBMVRJNCN-UHFFFAOYSA-N
Adrenochrome.M012A.1864,RPHLQSHHTJORHI-UHFFFAOYSA-N
Ala-ala.M012A.1143,DEFJQIDDEAULHB-IMJSIDKUSA-N
Ala-ala.M013A.3151,DEFJQIDDEAULHB-IMJSIDKUSA-N
Ala-gln.M012A.2203,HJCMDXDYPOUFDY-WHFBIAKZSA-N
Ala-gln.M013A.6139,HJCMDXDYPOUFDY-WHFBIAKZSA-N
Ala-leu.M013A.5320,RDIKFPRVLJLMER-BQBZGAKWSA-N
Ala-pro.M013A.4493,WPWUFUBLGADILS-WDSKDSINSA-N
Alanine.M012A.148,QNAYBMKLOCPYGJ-UWTATZPHSA-N
Alanine.M013A.435,QNAYBMKLOCPYGJ-UWTATZPHSA-N
Alkyl-PC(p-16:0).M012A.4995,YHSSHPWVFALMBA-IARQOZKNSA-N
Allantoic acid.M013A.3977,NUCLJNSWZCHRKL-UHFFFAOYSA-N
Allantoin.M012A.1100,POJWUDADGALRAB-UHFFFAOYSA-N
Allantoin.M013A.3091,POJWUDADGALRAB-UHFFFAOYSA-N
Allopurinol.M012A.693,OFCNXPDARWKPPY-UHFFFAOYSA-N
Aminoadipic acid.M013A.3316,OYIFNHCXNCRBQI-UHFFFAOYSA-N
Anserine.M012A.2567,MYYIAHXIVFADCU-QMMMGPOBSA-N
Anserine.M013A.7109,MYYIAHXIVFADCU-QMMMGPOBSA-N
Arabitol.M013A.2805,HEBKCHPVOIAQTA-IMJSIDKUSA-N
Arachidic acid.M013A.10074,VKOBVWXKNCXXDE-UHFFFAOYSA-N
Arginine.M012A.1487,ODKSFYDXXFIFQN-BYPYZUCNSA-N
Arginine.M013A.3934,ODKSFYDXXFIFQN-BYPYZUCNSA-N
Ascorbate.M013A.4113,CIWBSHSKHKDKBQ-JLAZNSOCSA-N
Asparagine.M012A.614,DCXYFEDJOCDNAF-REOHCLBHSA-N
Asparagine.M013A.1820,DCXYFEDJOCDNAF-REOHCLBHSA-N
Aspartic acid.M012A.628,CKLJMWTZIZZHCS-REOHCLBHSA-N
Aspartic acid.M013A.1910,CKLJMWTZIZZHCS-REOHCLBHSA-N
Asymmetric dimethylarginine.M012A.1987,YDGMGEXADBMOMJ-LURJTMIESA-N
Asymmetric dimethylarginine.M013A.5348,YDGMGEXADBMOMJ-LURJTMIESA-N
Azelaic acid.M013A.4652,BDJRBEYXGGNYIS-UHFFFAOYSA-N
Behenic acid.M013A.10901,UKMSUNONTOPOIO-UHFFFAOYSA-N
Beta-aspartyl-leucine.M013A.7419,IYJILWQAFPUBHP-UHFFFAOYSA-N
Betaine.M012A.872,KWIUHFFTVRNATP-UHFFFAOYSA-N
Betaine.M013A.1340,KWIUHFFTVRNATP-UHFFFAOYSA-N
Bilirubin.M012A.5521.5522,BPYKTIZUTYGOLE-IFADSCNNSA-N
Biliverdin.M012A.5509,QBUVFDKTZJNUPP-BBROENKCSA-N
Biopterin.M012A.2502,LHQIJBMDNUYRAM-DZSWIPIPSA-N
Biopterin.M013A.6982,LHQIJBMDNUYRAM-DZSWIPIPSA-N
Biotin.M012A.2640,YBJHBAHKTGYVGT-ZKWXMUAHSA-N
Butanal.M012A.8,ZTQSAGDEMFDKMZ-UHFFFAOYSA-N
Butyrylcarnitine.M012A.2515,QWYFHHGCZUCMBN-SECBINFHSA-N
Caffeine.M012A.1844,RYYVLZVUVIJVGH-UHFFFAOYSA-N
Capric acid.M013A.3837,GHVNFZFCNZKVNT-UHFFFAOYSA-N
Caprylic acid.M013A.2463,WWZKQHOCKIZLMA-UHFFFAOYSA-N
Carn(14:0).M012A.4198,PSHXNVGSVNEJBD-UHFFFAOYSA-N
Carnitine.M012A.1350.1352,PHIQHXFUZVPYII-ZCFIWIBFSA-N
Carnosine.M012A.2327,CQOVPNPJLQNMDC-ZETCQYMHSA-N
Carnosine.M013A.6506,CQOVPNPJLQNMDC-ZETCQYMHSA-N
Catechol.M013A.918,YCIMNLLNPGFGHC-UHFFFAOYSA-N
Chlorogenic acid.M013A.11225,CWVRJTMFETXNAD-JUHZACGLSA-N
Cholic acid.M012A.4604,BHQCQFFYRZLCQQ-OELDTZBJSA-N
Cholic acid.M013A.12261,BHQCQFFYRZLCQQ-OELDTZBJSA-N
Choline.M012A.357,OEYIOHPDSNJKLS-UHFFFAOYSA-N
Chrysophanol.M012A.2764,LQGUBLBATBMXHT-UHFFFAOYSA-N
Cinnamaldehyde.M012A.611,KJPRLNWUNMBNBZ-QPJJXVBHSA-N
Cis-4-hydroxy-proline.M012A.588,PMMYEEVYMWASQN-QWWZWVQMSA-N
Citrate.M013A.5307,KRKNYBCHXYNGOX-UHFFFAOYSA-N
Citrulline.M012A.1471,RHGKLRLOHDJJDR-BYPYZUCNSA-N
Citrulline.M013A.4019,RHGKLRLOHDJJDR-BYPYZUCNSA-N
Commendamide.M012A.3771,MZUHHHSFDVDBCZ-UHFFFAOYSA-N
Cortisol.M012A.4098,JYGXADMDTFJGBT-VWUMJDOOSA-N
Cortisol.M013A.11451,JYGXADMDTFJGBT-VWUMJDOOSA-N
Cortisone.M013A.11394.11395,SYWHXTATXSMDSB-GSLJADNHSA-N
Creatine.M012A.712,CVSVTCORWBXHQV-UHFFFAOYSA-N
Creatine.M013A.1736,CVSVTCORWBXHQV-UHFFFAOYSA-N
Creatinine.M012A.458,DDRJAANPRJIHGJ-UHFFFAOYSA-N
Creatinine.M013A.1039,DDRJAANPRJIHGJ-UHFFFAOYSA-N
Cryptochlorogenic acid.M012A.1817.1818,GYFFKZTYYAFCTR-JUHZACGLSA-N
Cystathionine.M012A.2266,ILRYLPWNYFXEMH-WHFBIAKZSA-N
Cystathionine.M013A.6274,ILRYLPWNYFXEMH-WHFBIAKZSA-N
Cystine.M013A.7079,LEVWYRKDKASIDU-IMJSIDKUSA-N
Cytidine monophosphate.M013A.10360,IERHLVCPSMICTF-XVFCMESISA-N
Cytidine.M012A.2710,UHDGCWIWMRVCDJ-CCXZUQQUSA-N
Cytidine.M013A.7368,UHDGCWIWMRVCDJ-CCXZUQQUSA-N
Cytosine.M012A.407,OPTASPLRGRRNAP-UHFFFAOYSA-N
D-GLUCURONIC ACID.M013A.4969,AEMOLEFTQBMNLQ-AQKNRBDQSA-N
D-GLUCURONOLACTONE.M013A.4117,UYUXSRADSPPKRZ-SKNVOMKLSA-N
DETHIOBIOTIN+20.0:10.0:180.0:80.0:70.0:90.0:40.0:30.0:160.0:200.0:120.0:140.0:100.0:60.0:50.0.M012A.2495,AUTOLBMXDDTRRT-JGVFFNPUSA-N
Deaminoneuraminic acid.M013A.8378.8379,CLRLHXKNIYJWAW-QBTAGHCHSA-N
Decanedioic acid.M013A.5354,CXMXRPHRNRROMY-UHFFFAOYSA-N
Decanoylcarnitine.M012A.3640,LZOSYCMHQXPBFU-UHFFFAOYSA-N
Dehydroascorbic acid.M013A.3965,SBJKKFFYIZUCET-DUZGATOHSA-N
Deoxycholic acid.M013A.12006,KXGVEGMKQFWNSR-LLQZFEROSA-N
Deoxycytidine monophosphate.M013A.9756,NCMVOABPESMRCP-SHYZEUOFSA-N
Deoxyuridine.M013A.6548,MXHRCPNRJAMMIM-SHYZEUOFSA-N
Dethiobiotin.M012A.2156,AUTOLBMXDDTRRT-JGVFFNPUSA-N
Dethiobiotin.M013A.5923,AUTOLBMXDDTRRT-JGVFFNPUSA-N
Diacetyl.M013A.422,QSJXEFYPDANLFS-UHFFFAOYSA-N
Diethanolamine.M012A.259,ZBCBWPMODOFKDW-UHFFFAOYSA-N
Dihydroorotate.M013A.3023,UFIVEPVSAGBUSI-REOHCLBHSA-N
Dihydrothymine.M012A.551,NBAKTGXDIBVZOO-UHFFFAOYSA-N
Dihydrothymine.M013A.1699,NBAKTGXDIBVZOO-UHFFFAOYSA-N
Dihydrouracil.M013A.1051,OIVLITBTBDPEFK-UHFFFAOYSA-N
Dihydroxyacetone phosphate.M012A.1345,GNGACRATGGDKBX-UHFFFAOYSA-N
Diisobutyl phthalate.M012A.3169,MGWAVDBGNNKXQV-UHFFFAOYSA-N
Dimethylysine.M012A.1449,RYFOQDQDVYIEHN-ZETCQYMHSA-N
Docosahexaenoic acid.M013A.10588,MBMBGCFOFBJSGT-KUBAVDMBSA-N
Dodecanoic acid.M013A.5357,POULHZVOKOAJMA-UHFFFAOYSA-N
Dodecanoylcarnitine.M012A.3922,FUJLYHJROOYKRA-QGZVFWFLSA-N
Dopa.M013A.5066,WTDRDQBEARUVNC-LURJTMIESA-N
Dopamine.M013A.2828,VYFYYTLLBUKUHU-UHFFFAOYSA-N
Erucic acid.M013A.10819,DPUOLQHDNGRHBS-KTKRTIGZSA-N
Erythritol.M013A.1420,UNXHWFMMPAWVPI-ZXZARUISSA-N
Erythrose 4-phosphate.M013A.5191,NGHMDNPXVRFFGS-IUYQGCFVSA-N
Erythrose.M013A.1564,YTBSYETUWUMLBZ-IMJSIDKUSA-N
Fructose 6-phosphate.M013A.8054,GSXOAOHZAIYLCY-HSUXUTPPSA-N
Galactonic acid.M013A.5209,RGHNJXZEOKUKBD-MGCNEYSASA-N
Galactose.M013A.4469,WQZGKKKJIJFFOK-SVZMEOIVSA-N
Gallic acid.M013A.3628,LNTHITQWFMADLM-UHFFFAOYSA-N
Gamma-glutamylalanine.M012A.2227,WQXXXVRAFAKQJM-WHFBIAKZSA-N
Gamma-glutamylalanine.M013A.6158,WQXXXVRAFAKQJM-WHFBIAKZSA-N
Gamma-glutamylcysteine.M012A.2726,RITKHVBHSGLULN-WHFBIAKZSA-N
Gamma-linolenic acid.M013A.8775,VZCCETWTMQHEPK-QNEBEIHSSA-N
Gentisic acid.M013A.2802,WXTMDXOMEHJXQO-UHFFFAOYSA-N
Glu-glu.M012A.3122,KOSRFJWDECSPRO-WDSKDSINSA-N
Glu-glu.M013A.8612,KOSRFJWDECSPRO-WDSKDSINSA-N
Glucaric acid.M013A.5782,DSLZVSRJTYRBFB-LLEIAEIESA-N
Gluconolactone.M013A.4309,PHOQVHQSTUBQQK-SQOUGZDYSA-N
Glucosamine 6-phosphate.M012A.2858,XHMJOUIAFHJHBW-UKFBFLRUSA-N
Glucosamine 6-phosphate.M013A.7977,XHMJOUIAFHJHBW-UKFBFLRUSA-N
Glucosamine.M012A.1545,MSWZFWKMSRAUBD-IVMDWMLBSA-N
Glucose 6-phosphate.M013A.8052,NBSCHQHZLSJFNQ-GASJEMHNSA-N
Glucuronic acid.M013A.4970,AEMOLEFTQBMNLQ-AQKNRBDQSA-N
Glucuronolactone.M013A.4118,OGLCQHRZUSEXNB-SMAHDKISSA-N
Glutamate.M012A.904,WHUUTDBJXJRKMK-VKHMYHEASA-N
Glutamate.M013A.2656,WHUUTDBJXJRKMK-VKHMYHEASA-N
Glutamine.M012A.1017,ZDXPYRJPNDTMRX-VKHMYHEASA-N
Glutamine.M013A.2566,ZDXPYRJPNDTMRX-VKHMYHEASA-N
Glutathione.M012A.3542,RWSXRVCMGQZWBV-UHFFFAOYSA-N
Gly-asn.M013A.4622,FUESBOMYALLFNI-UHFFFAOYSA-N
Gly-asp.M012A.1741,SCCPDJAQCXWPTF-UHFFFAOYSA-N
Gly-glu.M012A.2004,IEFJWDNGDZAYNZ-UHFFFAOYSA-N
Gly-glu.M013A.5492,IEFJWDNGDZAYNZ-UHFFFAOYSA-N
Gly-his.M012A.2118,YIWFXZNIBQBFHR-UHFFFAOYSA-N
Gly-his.M013A.5815,YIWFXZNIBQBFHR-UHFFFAOYSA-N
Gly-phe.M012A.2269,JBCLFWXMTIKCCB-UHFFFAOYSA-N
Gly-ser.M013A.3201,BCCRXDTUTZHDEU-VKHMYHEASA-N
Glyceraldehyde 3-p.M013A.3645,LXJXRIRHZLFYRP-VKHMYHEASA-N
Glycerol 2-phosphate.M013A.3842,DHCLVCXQIBBOPH-UHFFFAOYSA-N
Glycerophosphocholine.M012A.3011,SUHOQUVVVLNYQR-MRVPVSSYSA-N
Glycine.M012A.30,DHMQDGOQFOQNFH-UHFFFAOYSA-N
Glycine.M013A.222,DHMQDGOQFOQNFH-UHFFFAOYSA-N
Guanidinosuccinic acid.M012A.1442,VVHOUVWJCQOYGG-REOHCLBHSA-N
Guanidinosuccinic acid.M013A.3904,VVHOUVWJCQOYGG-REOHCLBHSA-N
Guanidoacetic acid.M012A.382,BPMFZUMJYQTVII-UHFFFAOYSA-N
Guanidoacetic acid.M013A.1135,BPMFZUMJYQTVII-UHFFFAOYSA-N
Guanosine.M012A.3196,NYHBQMYGNKIUIF-UUOKFMHZSA-N
Guanosine.M013A.8851.8852,NYHBQMYGNKIUIF-UUOKFMHZSA-N
Gulonolactone.M013A.4310,SXZYCXMUPBBULW-SKNVOMKLSA-N
Heneicosanoic acid.M013A.10411,CKDDRHZIAZRDBW-UHFFFAOYSA-N
Heptadecanoic acid.M013A.8588,KEMQGTRYUADPNZ-UHFFFAOYSA-N
Heptanoic acid.M013A.1730,MNWFXJYAOYHMED-UHFFFAOYSA-N
Heptanoylcarnitine.M012A.3086,IZLNHYYDCAMWKX-CQSZACIVSA-N
Hexanoylcarnitine.M012A.2899,VVPRQWTYSNDTEA-LLVKDONJSA-N
Hippurate.M012A.1517,QIAFMBKCNZACKA-UHFFFAOYSA-N
Hippurate.M013A.4279,QIAFMBKCNZACKA-UHFFFAOYSA-N
Hist-ser.M012A.2600,KRBMQYPTDYSENE-BQBZGAKWSA-N
Hist-ser.M013A.7218,KRBMQYPTDYSENE-BQBZGAKWSA-N
Histamine.M012A.329.330,NTYJJOPFIAHURM-UHFFFAOYSA-N
Histidine.M012A.1151,HNDVDQJCIGZPNO-YFKPBYRVSA-N
Histidine.M013A.3085,HNDVDQJCIGZPNO-YFKPBYRVSA-N
Homo-arginine.M012A.1723,QUOGESRFPZDMMT-YFKPBYRVSA-N
Homocitrulline.M012A.1784,XIGSAGMEBXLVJJ-YFKPBYRVSA-N
Homocitrulline.M013A.4691,XIGSAGMEBXLVJJ-YFKPBYRVSA-N
Homocysteic acid.M013A.4344,VBOQYPQEPHKASR-VKHMYHEASA-N
Homocysteine.M013A.1901,FFFHZYDWPBMWHY-VKHMYHEASA-N
Hydroxykynurenine.M013A.6381,VCKPUUFAIGNJHC-UHFFFAOYSA-N
Hydroxyphenyllactic acid.M013A.4447,JVGVDSSUAVXRDY-UHFFFAOYSA-N
Hydroxypropionic acid.M013A.540,ALRHLSYJTWAHJZ-UHFFFAOYSA-N
Hydroxypyruvic acid.M013A.852,HHDDCCUIIUWNGJ-UHFFFAOYSA-N
Hypotaurine.M012A.262,VVIUBCNYACGLLV-UHFFFAOYSA-N
Hypotaurine.M013A.885,VVIUBCNYACGLLV-UHFFFAOYSA-N
INOSINE.M013A.8377,UGQMRVRMYYASKQ-KQYNXXCUSA-N
Imidazoleacetic acid.M012A.531,PRJKNHOMHKJCEJ-UHFFFAOYSA-N
Iminodiacetic acid.M013A.1909,NBZBKCUXIYYUSX-UHFFFAOYSA-N
Indole-3-carboxylic acid.M012A.1166,KMAKOBLIOCQGJP-UHFFFAOYSA-N
Indole-3-propionic acid.M013A.4666,GOLXRNDWAUTYKT-UHFFFAOYSA-N
Indole.M012A.398,SIKJAQJRHWYJAI-UHFFFAOYSA-N
Indoleacetaldehyde.M013A.3099,WHOOUMGHGSPMGR-UHFFFAOYSA-N
Indoleacetic acid.M013A.3917,SEOVTRFCIGRIMH-UHFFFAOYSA-N
Indolelactic acid.M012A.2007,XGILAAMKEQUXLS-JTQLQIEISA-N
Indolelactic acid.M013A.5469,XGILAAMKEQUXLS-JTQLQIEISA-N
Indolepyruvate.M012A.2254,RSTKLPZEZYGQPY-UHFFFAOYSA-N
Indolepyruvate.M013A.5386,RSTKLPZEZYGQPY-UHFFFAOYSA-N
Indoxyl sulfate.M013A.6047,BXFFHSIDQOFMLE-UHFFFAOYSA-N
Inosine-monophosphate.M013A.11103,GRSZFWQUAKGDAV-KQYNXXCUSA-N
Inosine.M012A.2988,UGQMRVRMYYASKQ-KQYNXXCUSA-N
Iso-valeraldehyde.M012A.83,YGHRJJRRZDOVPD-UHFFFAOYSA-N
Isobutyrylcarnitine.M012A.2516,LRCNOZRCYBNMEP-SECBINFHSA-N
Isoeugenol.M012A.1215,BJIOGJUNALELMI-ONEGZZNKSA-N
Isofagomine.M012A.954,QPYJXFZUIJOGNX-HSUXUTPPSA-N
Isofagomine.M013A.2640,QPYJXFZUIJOGNX-HSUXUTPPSA-N
Isoleucine.M012A.825,AGPKZVBTJJNPAG-WHFBIAKZSA-N
Itaconic acid.M013A.1891,LVHBHZANLOWSRM-UHFFFAOYSA-N
Ketoleucine.M013A.1813,BKAJNAXTPSGJCU-UHFFFAOYSA-N
Kynurenate.M012A.1721,HCZHHEIFKROPDY-UHFFFAOYSA-N
Kynurenate.M013A.4626,HCZHHEIFKROPDY-UHFFFAOYSA-N
Kynurenine.M012A.2112,YGPSJZOEDVAXAB-QMMMGPOBSA-N
Kynurenine.M013A.5621,YGPSJZOEDVAXAB-QMMMGPOBSA-N
L-5-Oxoproline.M012A.633,ODHCTXKNWHHXJC-VKHMYHEASA-N
L-beta-Homolysine.M012A.1180,PJDINCOFOROBQW-LURJTMIESA-N
LPA(16:0/0:0).M013A.12312.12313,YNDYKPRNFWPPFU-GOSISDBHSA-N
LPC(18:1).M012A.5186,YAMUFBLWGFFICM-PTGWMXDISA-N
LPE(18:1).M012A.4997,PYVRVRFVLRNJLY-MZMPXXGTSA-N
LPE(18:1).M013A.12902,PYVRVRFVLRNJLY-MZMPXXGTSA-N
Lactate.M013A.536,JVTAAEKCZFNVCJ-REOHCLBHSA-N
Leu-phe.M013A.8676,KFKWRHQBZQICHA-STQMWFEESA-N
Leucine.M012A.824,ROHFNLRQFUQHCH-YFKPBYRVSA-N
Leucine.M013A.1799,ROHFNLRQFUQHCH-YFKPBYRVSA-N
Linoleate.M013A.9036,OYHQOLUKZRVURQ-HZJYTTRNSA-N
Lumichrome.M013A.7197,ZJTJUVIJVLLGSP-UHFFFAOYSA-N
Lysine.M012A.963,KDXKERNSBIXSRK-YFKPBYRVSA-N
Lysine.M013A.2522,KDXKERNSBIXSRK-YFKPBYRVSA-N
M-aminobenzoic acid.M012A.814,XFDUHJPVQKIXHO-UHFFFAOYSA-N
METHYLSUCCINIC ACID.M013A.1802,WXUAQHNMJWJLTG-UHFFFAOYSA-N
Malate.M013A.2006,BJEPYKJPYRNKOW-REOHCLBHSA-N
Maleamate.M013A.1108,FSQQTNAZHBEJLS-UPHRSURJSA-M
Maleic acid.M013A.1167,VZCYOOQTPOCHFL-UPHRSURJSA-N
Maltol.M012A.522,XPCTZQVDEJYUGT-UHFFFAOYSA-N
Maltol.M013A.1608,XPCTZQVDEJYUGT-UHFFFAOYSA-N
Mannosamine.M012A.1543,MSWZFWKMSRAUBD-CBPJZXOFSA-N
Mannosamine.M013A.4404,MSWZFWKMSRAUBD-CBPJZXOFSA-N
"Meso-2,6-diaminoheptanedioate.M013A.4713",GMKMEZVLHJARHF-SYDPRGILSA-N
Meso-tartaric acid.M013A.2597,FEWJPZIEWOKRBE-XIXRPRMCSA-N
Methionine sulfoxide.M013A.3403,QEFRNWWLZKMPFJ-YGVKFDHGSA-N
Methionine.M012A.1006,FFEARJCKVFRZRR-BYPYZUCNSA-N
Methionine.M013A.2750,FFEARJCKVFRZRR-BYPYZUCNSA-N
Methyl beta-glucopyranoside.M013A.5151,HOVAGTYPODGVJG-XUUWZHRGSA-N
Methylacetoacetic acid.M013A.1179,WRQNANDWMGAFTP-UHFFFAOYSA-N
Methylguanidine.M012A.12,CHJJGSNFBQVOTG-UHFFFAOYSA-N
Methylimidazoleacetic acid.M012A.820,ZHCKPJGJQOPTLB-UHFFFAOYSA-N
Methylimidazoleacetic acid.M013A.2230,ZHCKPJGJQOPTLB-UHFFFAOYSA-N
Mevalonic acid.M013A.2604,KJTLQQUUPVSXIM-UHFFFAOYSA-N
Monomethyl glutaric acid.M013A.2539,IBMRTYCHDPMBFN-UHFFFAOYSA-N
Myo-Inositol.M013A.4472,CDAISMWEOUEBRE-UHFFFAOYSA-N
Myristic acid.M013A.6875,TUNFSRHWOTWDNC-UHFFFAOYSA-N
"N,n-dimethyl-1,4-phenylenediamine.M012A.696",BZORFPDSXLZWJF-UHFFFAOYSA-N
N-BUTYRYLGLYCINE.M013A.2448,WPSSBBPLVMTKRN-UHFFFAOYSA-N
N-Isovalerylglycine.M013A.3116,ZRQXMKMBBMNNQC-UHFFFAOYSA-N
N-METHYLANILINE.M012A.261,AFBPFSWMIHJQDM-UHFFFAOYSA-N
N-Methyltyrosine.M013A.5016,AXDLCFOOGCNDST-UHFFFAOYSA-N
N-acetylalanine.M012A.605,KTHDTJVBEPMMGL-VKHMYHEASA-N
N-acetylalanine.M013A.1757,KTHDTJVBEPMMGL-VKHMYHEASA-N
N-acetylasparagine.M012A.1433,HXFOXFJUNFFYMO-BYPYZUCNSA-N
N-acetylasparagine.M013A.3909.3910,HXFOXFJUNFFYMO-BYPYZUCNSA-N
N-acetylaspartate.M013A.3986,OTCCIMWXFLJLIA-BYPYZUCNSA-N
N-acetylasparthylglutamate.M013A.9771,OPVPGKGADVGKTG-BQBZGAKWSA-N
N-acetylgalactosamine.M012A.2252,OVRNDRQMDRJTHS-JAJWTYFOSA-N
N-acetylglucosamine-6-phosphate.M013A.9534,BRGMHAYQAZFZDJ-RTRLPJTCSA-N
N-acetylglutamine.M012A.1722,KSMRODHGGIIXDV-YFKPBYRVSA-N
N-acetylglutamine.M013A.4679,KSMRODHGGIIXDV-YFKPBYRVSA-N
N-acetylhistamine.M012A.1042,XJWPISBUKWZALE-UHFFFAOYSA-N
N-acetylleucine.M012A.1407,WXNXCEHXYPACJF-ZETCQYMHSA-N
N-acetylleucine.M012A.1418,WXNXCEHXYPACJF-ZETCQYMHSA-N
N-acetylleucine.M013A.3807,WXNXCEHXYPACJF-ZETCQYMHSA-N
N-acetylmethionine.M012A.1765,XUYPXLNMDZIRQH-LURJTMIESA-N
N-acetylmethionine.M013A.4837,XUYPXLNMDZIRQH-LURJTMIESA-N
N-acetylneuraminate.M012A.3552,SQVRNKJHWKZAKO-PFQGKNLYSA-N
N-acetylneuraminate.M013A.9868,SQVRNKJHWKZAKO-PFQGKNLYSA-N
N-acetylornithine.M012A.1447,JRLGPAXAGHMNOL-LURJTMIESA-N
N-acetylornithine.M013A.3924,JRLGPAXAGHMNOL-LURJTMIESA-N
N-acetylphenylalanine.M012A.2052,CBQJSKKFNMDLON-JTQLQIEISA-N
N-acetylphenylalanine.M013A.5608,CBQJSKKFNMDLON-JTQLQIEISA-N
N-acetylserine.M013A.2658,JJIHLJJYMXLCOY-BYPYZUCNSA-N
N-acetyltaurine.M013A.3536,CXJAAWRLVGAKDV-UHFFFAOYSA-N
N-acetyltryptophan.M012A.2691,DZTHIGRZJZPRDV-LBPRGKRZSA-N
N-acetyltryptophan.M013A.7402,DZTHIGRZJZPRDV-LBPRGKRZSA-N
N-acetylvaline.M013A.3115,IHYJTAOFMMMOPX-UHFFFAOYSA-N
N-acylGly(20:0).M012A.4173,MUNNIYAZGQGMQR-UHFFFAOYSA-N
N-ethylacetamide.M012A.152,PMDCZENCAXMSOU-UHFFFAOYSA-N
N-ethylglycine.M013A.784,YPIGGYHFMKJNKV-UHFFFAOYSA-N
N-formylmethionine.M013A.4032,PYUSHNKNPOHWEZ-YFKPBYRVSA-N
N-glycolylneuraminic acid.M012A.3728,FDJKUWYYUZCUJX-AJKRCSPLSA-N
N-glycolylneuraminic acid.M013A.10402,FDJKUWYYUZCUJX-AJKRCSPLSA-N
N-methylalanine.M012A.280,GDFAOVXKHJXLEI-VKHMYHEASA-N
N-methylaminoisobutyric acid.M012A.873,DLAMVQGYEVKIRE-UHFFFAOYSA-N
N-methylglutamic acid.M012A.1193,XLBVNMSMFQMKEY-BYPYZUCNSA-N
N2-acetyllysine.M013A.4658,VEYYWZRYIYDQJM-ZETCQYMHSA-N
N4-acetylcytidine.M012A.3227,NIDVTARKFBZMOT-PEBGCTIMSA-N
N6-acetyllysine.M012A.1707,DTERQYGMUDWYAZ-ZETCQYMHSA-N
N6-carboxymethyllysine.M012A.2009,NUXSIDPKKIEIMI-LURJTMIESA-N
N6-carboxymethyllysine.M013A.5451,NUXSIDPKKIEIMI-LURJTMIESA-N
N6-methyllysine.M012A.1179,PQNASZJZHFPQLE-LURJTMIESA-N
N6-methyllysine.M013A.3131,PQNASZJZHFPQLE-LURJTMIESA-N
NICOTINAMIDE+20.0:10.0:70.0:90.0:40.0:30.0:160.0:200.0:120.0:140.0:100.0:60.0:50.0.M012A.821,DFPAKSUCGFBDDF-UHFFFAOYSA-N
NICOTINIC ACID.M013A.1446,PVNIIMVLHYAWGP-UHFFFAOYSA-N
Na-Acetylcitrulline; LC-tDDA; CE10.M013A.6140,WMQMIOYQXNRROC-LURJTMIESA-N
Neopterin.M013A.7715,BMQYVXCPAOLZOK-UHFFFAOYSA-N
Nicotinamide n-oxide.M013A.2208,USSFUVKEHXDAPM-UHFFFAOYSA-N
Nicotinamide.M012A.505,DFPAKSUCGFBDDF-UHFFFAOYSA-N
Nicotinamide.M013A.1557,DFPAKSUCGFBDDF-UHFFFAOYSA-N
Nitrilotriacetic acid.M013A.4754,MGFYIUFZLHCRTH-UHFFFAOYSA-N
Octanoylcarnitine.M012A.3269,CXTATJFJDMJMIY-CYBMUJFWSA-N
Oleic acid.M013A.9026,ZQPPMHVWECSIRJ-KTKRTIGZSA-N
Ophthalmic acid.M012A.3289,JCMUOFQHZLPHQP-BQBZGAKWSA-N
Ophthalmic acid.M013A.9092,JCMUOFQHZLPHQP-BQBZGAKWSA-N
Ornithine.M012A.649,AHLPHDHHMVZTML-SCSAIBSYSA-N
Ornithine.M013A.1832,AHLPHDHHMVZTML-SCSAIBSYSA-N
Orotate.M013A.2996,PXQPEWDEAKTCGB-UHFFFAOYSA-N
Oxalate.M013A.830,MUBZPKHOEPUJKR-UHFFFAOYSA-N
Oxidized glutathione.M012A.5642,YPZRWBKMTBYPTK-BJDJZHNGSA-N
Oxindole.M012A.673,JYGFTBXVXVMTGB-UHFFFAOYSA-N
Oxoadipic acid.M013A.3222,FGSBNBBHOZHUBO-UHFFFAOYSA-N
P-cresol.M013A.910,IWDCLRJOBJJRNH-UHFFFAOYSA-N
P-octopamine.M013A.2827,QHGUCRYDKWKLMG-QMMMGPOBSA-N
PHENYLETHANOLAMINE+20.0:10.0:180.0:80.0:70.0:90.0:40.0:30.0:160.0:200.0:120.0:140.0:60.0.M012A.699,ULSIYEODSMZIPX-UHFFFAOYSA-N
PYRIDOXAL+20.0:10.0:180.0:80.0:70.0:90.0:40.0:30.0:160.0:200.0:120.0:140.0:100.0:50.0.M012A.1727,RADKZDMFGJYCBB-UHFFFAOYSA-N
Palmitic acid.M013A.8109,IPCSVZSSVZVIGE-UHFFFAOYSA-N
Pantothenic acid.M012A.2273,GHOKWGTUZJEAQD-ZETCQYMHSA-N
Pantothenic acid.M013A.6372,GHOKWGTUZJEAQD-ZETCQYMHSA-N
Pantothenol.M013A.5501,SNPLKNRPJHDVJA-UHFFFAOYSA-N
Pectin.M013A.4968,AEMOLEFTQBMNLQ-DTEWXJGMSA-N
Pelargonic acid.M013A.3139,FBUKVWPVBMHYJY-UHFFFAOYSA-N
Pentadecanoic acid.M013A.7335,WQEPLUUGTLDZJY-UHFFFAOYSA-N
Phenylacetaldehyde.M012A.444,DTUQWGWMVIHBKE-UHFFFAOYSA-N
Phenylacetic acid.M013A.2051,WLJVXDMOQOGPHL-UHFFFAOYSA-N
Phenylacetylglycine.M013A.4933,UTYVDVLMYQPLQB-UHFFFAOYSA-N
Phenylalanine.M012A.1323,COLNVLDHVKWLRT-QMMMGPOBSA-N
Phenylalanine.M013A.3634,COLNVLDHVKWLRT-QMMMGPOBSA-N
Phenyllactic acid.M013A.3428,VOXXWSYKYCBWHO-QMMMGPOBSA-N
Phenylpyruvic acid.M013A.3311,BTNMPGBKDVTSJY-UHFFFAOYSA-N
Phosphocreatine.M012A.2110,DRBBFCLWYRJSJZ-UHFFFAOYSA-N
Phosphocreatine.M013A.5747,DRBBFCLWYRJSJZ-UHFFFAOYSA-N
Phosphoenolpyruvate.M013A.3532,DTBNBXWJWCWCIK-UHFFFAOYSA-N
Phosphoethanolamine.M013A.2247,SUHOOTKUPISOBE-UHFFFAOYSA-N
Picolinic acid.M013A.1429,SIOXPEMLGUPBBT-UHFFFAOYSA-N
Pimelic acid.M013A.3176,WLJVNTCWHIRURA-UHFFFAOYSA-N
Pipecolic acid.M012A.779,HXEACLLIILLPRG-YFKPBYRVSA-N
Pipecolic acid.M013A.1697,HXEACLLIILLPRG-YFKPBYRVSA-N
Pregabalin.M012A.1172,AYXYPKUFHZROOJ-ZETCQYMHSA-N
Pro-gly.M012A.1385,RNKSNIBMTUYWSH-YFKPBYRVSA-N
Pro-leu.M012A.2391,ZKQOUHVVXABNDG-IUCAKERBSA-N
Prolinamide.M012A.332,VLJNHYLEOZPXFW-BYPYZUCNSA-N
Proline.M012A.401,ONIBWKKTOPOVIA-BYPYZUCNSA-N
Proline.M013A.1105,ONIBWKKTOPOVIA-BYPYZUCNSA-N
Propenoic acid.M013A.182,NIXOWILDQLNWCW-UHFFFAOYSA-N
Propionylcarnitine.M012A.2307,UFAHZIUFPNSHSL-UHFFFAOYSA-N
Prostaglandin a1.M013A.10810,BGKHCLZFGPIKKU-LDDQNKHRSA-N
Protocatechuic acid.M013A.2801,YQUVCSBJEUQKSH-UHFFFAOYSA-N
Pseudouridine.M012A.2632,PTJWIQPHWPFNBW-GBNDHIKLSA-N
Pseudouridine.M013A.7568,PTJWIQPHWPFNBW-GBNDHIKLSA-N
Pyridoxal.M012A.1280,RADKZDMFGJYCBB-UHFFFAOYSA-N
Pyroglutamate.M013A.1790,ODHCTXKNWHHXJC-VKHMYHEASA-N
Pyruvate.M013A.524,LCTONWCANYUPML-UHFFFAOYSA-N
Quinic acid.M013A.4883,AAWZDTNXLSGCEK-WYWMIBKRSA-N
Quinolinate.M013A.3519,GJAWHXHKYYXBSV-UHFFFAOYSA-N
Retinoic acid.M012A.3448,SHGAZHPCJJPHSC-YCNIQYBTSA-N
Ribonolactone.M013A.2645,CUOKHACJLGPRHD-BXXZVTAOSA-N
Ribose 5-phosphate.M013A.6646,PPQRONHOSHZGFQ-LMVFSUKVSA-N
Ribose-1-p.M013A.6647,YXJDFQJKERBOBM-TXICZTDVSA-N
Ribose.M013A.2762,HMFHBZSHGGEWLO-SOOFDHNKSA-N
Ribulose.M013A.3570,LQXVFWRQNMEDEE-UOWFLXDJSA-N
S-adenosylhomocysteine.M013A.11851,ZJUKTBDSGOFHSH-WFMPWKQPSA-N
S-adenosylmethionine.M012A.4386,MEFKEPWMEQBLKI-AIRLBKTGSA-O
S-nitrosoglutathione.M013A.10741,HYHSBSXUHZOYLX-WDSKDSINSA-N
SACCHARIC ACID.M013A.5783,DSLZVSRJTYRBFB-LLEIAEIESA-N
SALICYLAMIDE.M013A.2128,SKZKKFZAGNVIMN-UHFFFAOYSA-N
SARCOSINE+20.0:10.0:180.0:80.0:70.0:90.0:40.0:30.0:160.0:200.0:120.0:140.0:60.0:50.0.M012A.149,FSYKKLYZXJSNPZ-UHFFFAOYSA-N
"SARCOSINE-20.0,50.0,100.0.M013A.436",FSYKKLYZXJSNPZ-UHFFFAOYSA-N
Salicylic acid.M013A.2316,YGSDEFSMJLZEOE-UHFFFAOYSA-N
Sedoheptulose-7-phosphate.M013A.9102,CBIDVWSRUUODHL-OVHBTUCOSA-N
Sedoheptulose.M013A.5799,HAIWUXASLYEWLM-BNWJMWRWSA-N
Serine.M012A.238,MTCFGRXMJLQNBG-REOHCLBHSA-N
Serine.M013A.808,MTCFGRXMJLQNBG-REOHCLBHSA-N
Serotonin.M012A.1482,QZAYGJVTTNCVMB-UHFFFAOYSA-N
Shikimic acid.M013A.3845,JXOHGGNKMLTUBP-HSUXUTPPSA-N
Sorbitol.M013A.4346,FBPFZTCFMRRESA-JGWLITMVSA-N
Sorbose.M013A.4470,LKDRXBCSQODPBY-BGPJRJDNSA-N
Spermine.M012A.1960.1961,PFNFFQXMRSDOHW-UHFFFAOYSA-N
Sphinganine.M012A.3723,OTKJDMGTUTTYMP-ZWKOTPCHSA-N
Stearic acid.M013A.9284,QIQXTHQIDYTFRH-UHFFFAOYSA-N
Suberic acid.M013A.3892,TYFQFVWCELRYAO-UHFFFAOYSA-N
Succinic acid.M013A.1220,KDYFGRWQOYBRFD-UHFFFAOYSA-N
Succinylacetone.M012A.1099,WYEPBHZLDUPIOD-UHFFFAOYSA-N
Succinylacetone.M013A.3058,WYEPBHZLDUPIOD-UHFFFAOYSA-N
TMAO.M012A.53,UYPYRKYUKCHHIB-UHFFFAOYSA-N
Taurine.M012A.593,XOAAWQZATWQOTB-UHFFFAOYSA-N
Taurine.M013A.1594,XOAAWQZATWQOTB-UHFFFAOYSA-N
Taurocholic acid.M012A.5279.5280.5281,WBWWGRHZICKQGZ-HZAMXZRMSA-N
Taurocholic acid.M013A.13255,WBWWGRHZICKQGZ-HZAMXZRMSA-N
Tauroursodeoxycholic acid.M013A.13025,BHTRKEVKTKCXOH-VSHSPWMTSA-N
Tetracosanoic acid.M013A.11552,QZZGJDVWLFXDLK-UHFFFAOYSA-N
Thiamine monophosphate.M012A.3914,HZSAJDVWZRBGIF-UHFFFAOYSA-N
Threonic acid.M013A.2116,JPIJQSOTBSSVTP-GBXIJSLDSA-N
Threonine.M012A.426,AYFVYJQAPQTCCC-GBXIJSLDSA-N
Threonine.M013A.1350,AYFVYJQAPQTCCC-GBXIJSLDSA-N
Thymidine.M013A.7186,IQFYYKKMVGJFEH-XLPZGREQSA-N
Thymine.M012A.526,RWQNBRDOKXIBIV-UHFFFAOYSA-N
Trans-cinnamate.M012A.935,WBYWAXJHAXSJNI-VOTSOKGWSA-N
Trans-cinnamate.M013A.2548,WBYWAXJHAXSJNI-VOTSOKGWSA-N
Tridecanedioic acid.M013A.7308,DXNCZXXFRKPEPY-UHFFFAOYSA-N
Tridecanedioic acid.M013A.7309,HCUZVMHXDRSBKX-UHFFFAOYSA-N
Tridecanoic acid.M013A.5966,JZXHUPALAOUFMA-LBPRGKRZSA-N
Trigonelline.M012A.812.813,WWNNZCOKKKDOPX-UHFFFAOYSA-N
Trigonelline.M013A.2129,WWNNZCOKKKDOPX-UHFFFAOYSA-N
Trimethyllysine.M012A.1735,MXNRLFUSFKVQSK-QMMMGPOBSA-N
Tryptophan.M012A.2159,QIVBCDIJIAJPQS-VIFPVBQESA-N
Tryptophan.M013A.5791,QIVBCDIJIAJPQS-VIFPVBQESA-N
Turanose.M013A.11022,RULSWEULPANCDV-PIXUTMIVSA-N
Tyr-phe.M012A.3761,CGWAPUBOXJWXMS-UHFFFAOYSA-N
Tyrosine.M012A.1696,OUYCCCASQSFEME-QMMMGPOBSA-N
Tyrosine.M013A.4364,OUYCCCASQSFEME-QMMMGPOBSA-N
Tyrosol.M013A.2089,YCCILVSKPBXVIP-UHFFFAOYSA-N
Uracil.M012A.305,ISAKRJDGNUQOIC-UHFFFAOYSA-N
Uracil.M013A.1088,ISAKRJDGNUQOIC-UHFFFAOYSA-N
Urate.M012A.1308,LEHOTFFKMJEONL-UHFFFAOYSA-N
Urate.M013A.3674,LEHOTFFKMJEONL-UHFFFAOYSA-N
Ureidoglutaric acid.M013A.4711,LCQLHJZYVOQKHU-VKHMYHEASA-N
Ureidopropionic acid.M012A.610,JSJWCHRYRHKBBW-UHFFFAOYSA-N
Ureidopropionic acid.M013A.1821,JSJWCHRYRHKBBW-UHFFFAOYSA-N
Uridine.M013A.7569,DRTQHJPVMGBUCF-XVFCMESISA-N
Urocanate.M012A.764,LOIYMIARKYCTBW-OWOJBTEDSA-N
Urocanate.M013A.2207,LOIYMIARKYCTBW-OWOJBTEDSA-N
Valerylcarnitine.M012A.2705,VSNFQQXVMPSASB-JTQLQIEISA-N
Xanthine.M012A.979,LRFVTYWOQMYALW-UHFFFAOYSA-N
Xanthine.M013A.2714,LRFVTYWOQMYALW-UHFFFAOYSA-N
Xanthone.M013A.5398,JNELGWHKGNBSMD-UHFFFAOYSA-N
Xanthosine.M012A.3216,UBORTCNDUKBEOP-UUOKFMHZSA-N
Xanthosine.M013A.8905,UBORTCNDUKBEOP-UUOKFMHZSA-N
Xanthurenic acid.M013A.5454,FBZONXHGGPHHIY-UHFFFAOYSA-N
Xylulose.M013A.2765,LQXVFWRQNMEDEE-MROZADKFSA-N
Carn(12:0).M014B,FUJLYHJROOYKRA-UHFFFAOYSA-N
Carn(14:1).M014B,BBPLQTRICWZQCC-VXLAFSKWSA-N
Carn(16:0).M014B,XOMRRQXKHMYMOC-UHFFFAOYSA-N
Carn(18:0).M014B,FNPHNLNTJNMAEE-UHFFFAOYSA-N
Cholesterol-H2O.M014B,HVYWMOMLDIMFJA-DPAQBDIFSA-N
MG(16:0).M014B,QHZLMUACJMDIAE-UHFFFAOYSA-N
MG(16:1).M014B,KVYUBFKSKZWZSV-FPLPWBNLSA-N
MG(18:0).M014B,YQEMORVAKMFKLG-UHFFFAOYSA-N
MG(18:1).M014B,RZRNAYUHWVFMIP-QJRAZLAKSA-N
MG(18:2).M014B,BABFYBAGZXSUDH-KUZRAJQRSA-N
CE(18:2).M014B,NAACPBBQTFFYQB-LJAITQKLSA-N
MG(12:0).M014B,ARIWANIATODDMH-UHFFFAOYSA-N
MG(20:0).M014B,UMEKPPOFCOUEDT-UHFFFAOYSA-N
CE(14:0).M014B,SJDMTGSQPOFVLR-ZPQCIJQQSA-N
CE(15:0).M014B,BDBPUUADYAQHAV-LNVIZZJGSA-N
CE(16:0).M014B,BBJQPKLGPMQWBU-JADYGXMDSA-N
CE(16:1).M014B,HODJWNWCVNUPAQ-XDOSKZMUSA-N
CE(17:0).M014B,PPQNZVDOBYGOLY-QEXSOPRKSA-N
CE(18:0).M014B,XHRPOTDGOASDJS-XNTGVSEISA-N
CE(18:3).M014B,FYMCIBHUFSIWCE-WVXFKAQASA-N
CE(20:2).M014B,REFJKOQDWJELKE-AKLGJIFXSA-N
CE(20:3).M014B,MLPRJPSMAFZPLA-BBFGHUFCSA-N
CE(20:4).M014B,IMXSFYNMSOULQS-BEDFLICRSA-N
CE(20:5).M014B,XZFUGMCJZFRBKF-BDJFIEMMSA-N
CE(22:4).M014B,ITGTXSFLBABXQA-BMURBKCOSA-N
CE(22:5).M014B,XOLZNHXNFMEUGA-DCDLNIKOSA-N
CE(22:6).M014B,VOEVEGPMRIYYKC-HNJOWPRISA-N
Carn(16:1).M014B,SOYNLLDADLOGAM-ISLYRVAYSA-N
Carn(18:1).M014B,IPOLTUVFXFHAHI-SEYXRHQNSA-N
TG(16:0/16:0/18:0).M014B,DQKMNCLZNGAXNX-VCZQVZGSSA-N
TG(12:0/16:0/22:1).M014B,AAZJZNDNSZNDKU-YYSBDVFPSA-N
TG(12:0/16:0/22:2).M014B,KHZIZTVACHAKPB-HIEAXLITSA-N
TG(12:0/16:0/22:3).M014B,ZAWWIDBOTXUMKU-PGSKRCOHSA-N
TG(12:0/18:0/22:2).M014B,VNCJCYUPOPZHDO-DFVOHZRTSA-N
TG(14:0/16:0/22:2).M014B,MAWNMWMBEALZSI-JHSOZWSOSA-N
TG(14:0/16:0/22:3).M014B,FSTRGLGSFHJIAP-CPULUSFOSA-N
TG(14:0/18:2/22:2).M014B,PZHUYFBIXNXBLU-WTNQUSKBSA-N
TG(14:1/16:0/22:1).M014B,SYVCJLCOFUNCRT-OLVOYKJBSA-N
TG(14:1/16:0/22:2).M014B,QZRITKSXWHDXFB-AQMPJRPXSA-N
TG(14:1/16:1/22:2).M014B,PFNLQSABTWLLKA-NZNUXFJPSA-N
TG(14:1/18:2/22:1).M014B,RQEKPMWGSCALDR-UQXSDYQWSA-N
TG(14:1/18:2/22:2).M014B,POHNOIJAASRKQU-DBWLQLOESA-N
TG(14:1/22:2/22:6).M014B,IMDSBCGHWHXHNJ-PSJLCFBGSA-N
TG(16:0/16:0/18:1).M014B,ZKEWGTVAIGJNBK-VLBIAFCBSA-N
TG(16:0/16:0/18:2).M014B,MTWYSKGJIDFSRC-SOEJSTAXSA-N
TG(16:0/16:1/18:1).M014B,TWJCMQZMAPGUSG-JMFJKIOKSA-N
TG(16:0/16:1/18:2).M014B,HDFLQJUGWGNORO-NSVHLBAISA-N
TG(16:0/18:0/18:1).M014B,NPCZZYKITFKRQZ-FQUZZJBASA-N
TG(16:0/18:0/18:2).M014B,MDCUASFVKLEFPW-AXYZMXSISA-N
TG(16:0/18:1/18:1).M014B,JFISYPWOVQNHLS-LBXGSASVSA-N
TG(16:0/18:1/18:2).M014B,KGLAHZTWGPHKFF-RISKEULASA-N
TG(16:0/18:1/18:3).M014B,HMIFBOVAIYAEFO-HPUGMXJKSA-N
TG(16:0/18:1/20:4).M014B,KKABVOCYVJCRKP-PZOQESJISA-N
TG(16:0/18:1/20:5).M014B,UWGNMVQVXFWGDQ-HGRKZAAOSA-N
TG(16:0/18:1/22:5).M014B,PIUUVQYTIKPYIJ-DQZXQKPZSA-N
TG(16:0/18:1/22:6).M014B,YGOKCUTVSFRDFI-MDDHNNKISA-N
TG(16:0/18:2/18:2).M014B,LXAWUIOWWNQCQA-QOFSRLOCSA-N
TG(16:0/18:2/18:3).M014B,MVAGPZSVOSGBMR-QCSLZTMBSA-N
TG(16:0/18:2/20:4).M014B,NIQCHCDUIPSWDJ-DODJOXOJSA-N
TG(16:0/18:2/20:5).M014B,RTHDUZGGPUMUEU-JGDJVTPUSA-N
TG(16:0/18:2/22:6).M014B,RDZINTYLBOTMAU-CQEMWSBKSA-N
TG(16:1/18:1/18:1).M014B,YBWITEZBUYUNFC-GUIYCBLGSA-N
TG(16:1/18:1/18:2).M014B,WHSWXEYWNPTUPW-HNJDVRDNSA-N
TG(16:1/18:1/22:5).M014B,VPKMKALIOUCHIT-NVYPTUFXSA-N
TG(16:1/18:2/22:5).M014B,VZUDVGCBUHDRAX-UNUGXDMHSA-N
TG(18:0/18:1/18:1).M014B,RYNHWWNZNIGDAQ-BMTCQUSZSA-N
TG(18:0/18:1/18:2).M014B,CNGSOZKJBWHOEG-KRNHIMMGSA-N
TG(18:1/18:1/18:2).M014B,JTMWOTXEVWLTTO-YKZMILTLSA-N
TG(18:1/18:1/18:3).M014B,OEJXMJPFOHYSIU-GRLFFVHSSA-N
TG(18:1/18:1/20:4).M014B,CKSBRWXVWDFKJD-ALCWIDLZSA-N
TG(18:1/18:1/20:5).M014B,FNMWUFNPKFCWPC-RBQUUMGZSA-N
TG(18:1/18:1/22:6).M014B,QFVBKJOYLFHVKV-DZPOHDDMSA-N
TG(18:1/18:2/18:2).M014B,VVEBTVMJPTZDHO-YQFZQLSNSA-N
TG(18:1/18:2/20:5).M014B,XMEDLHXPFLTJAC-XSWPOCNKSA-N
TG(18:1/18:2/22:6).M014B,RLAPDVQGJNAHOC-CGQBXCTLSA-N
TG(18:2/18:2/22:6).M014B,YNVHIDISXOPRLL-VOUXIQFDSA-N
FA(12:0;O).M015B,ZDHCZVWCTKTBRY-UHFFFAOYSA-N
FA(12:1;O).M015B,RILFOORPZLBCJK-UHFFFAOYSA-N
FA(14:0).M015B,TUNFSRHWOTWDNC-UHFFFAOYSA-N
FA(14:1;O).M015B,ICTIYYVVZNILKD-PKNBQFBNSA-N
FA(16:0).M015B,IPCSVZSSVZVIGE-UHFFFAOYSA-N
FA(16:1).M015B,SECPZKHBENQXJG-FPLPWBNLSA-M
FA(18:0).M015B,QIQXTHQIDYTFRH-UHFFFAOYSA-NĘ
FA(18:1).M015B,ZQPPMHVWECSIRJ-KTKRTIGZSA-N
FA(18:1;O).M015B,WBHHMMIMDMUBKC-XLNAKTSKSA-N
FA(18:2).M015B,GKJZMAHZJGSBKD-NMMTYZSQSA-M
FA(18:3).M015B,DTOSIQBPPRVQHS-PDBXOOCHSA-N
FA(20:1).M015B,BITHHVVYSMSWAG-KTKRTIGZSA-N
FA(20:2).M015B,XSXIVVZCUAHUJO-HZJYTTRNSA-M
FA(20:3).M015B,AHANXAKGNAKFSK-PDBXOOCHSA-M
FA(20:4).M015B,YZXBAPSDXZZRGB-DOFZRALJSA-N
FA(20:5).M015B,JAZBEHYOTPTENJ-RCHUDCCISA-N
FA(22:6).M015B,MBMBGCFOFBJSGT-KUBAVDMBSA-N
HexCer(18:1;O2/16:0).M015B,VJLLLMIZEJJZTE-VNQXHBPZSA-N
LPC(20:0/0:0).M015B,UATOAILWGVYRQS-HHHXNRCGSA-N
LPC(24:0/0:0).M015B,SKJMUADLQLZAGH-WJOKGBTCSA-N
LPE(18:1/0:0).M015B,PYVRVRFVLRNJLY-MZMPXXGTSA-N
LPE(18:2/0:0).M015B,DBHKHNGBVGWQJE-USWSLJGRSA-N
PC(18:0/20:3).M015B,CXHPMDBXIXXMJY-RSQXMHELSA-N
PC(18:1/20:2).M015B,UIZSCWYWQVXNRL-JUGVZLPZSA-N
PC(16:0/22:4).M015B,IRWRFKUTKSUFST-MDYGELLQSA-N
PC(18:1/20:3).M015B,APIPSPZJMLSCBO-NRTPYZNRSA-N
PC(16:0/22:5).M015B,QRHBQDASPXNHQA-DRCLNZIMSA-N
PC(18:0/20:5).M015B,XJISBSFDFOVVHI-QIOBQPIHSA-N
PC(18:1/20:4).M015B,ZAYXPDDGEIJGGW-VSDNDEBUSA-N
PC(17:0/22:5).M015B,ZVSXKJXCODHGBN-BETHSQCDSA-N
PC(18:0/22:4).M015B,AXZGUCXCTZMPTR-UVGACIQRSA-N
PC(20:0/20:4).M015B,UAVRPIXHIHJERN-CBTSKTMBSA-N
PC(18:0/22:5).M015B,SFESOYFQZQJCOY-FXYWPAEZSA-N
PC(p-16:0/16:0).M015B,PEWXKAOBUSBJLD-MCBGMKGZSA-N
PC(o-16:0/18:2).M015B,IQACMFWAGALEAQ-WESJWMGVSA-N
PC(p-16:0/18:1).M015B,CRBBMHQTIAELIS-KQBBALDBSA-N
PC(p-18:0/16:1).M015B,KMNVIRCHUMQGHD-RCINKDPXSA-N
PC(p-16:0/22:6).M015B,QICWUUGBNFIZAZ-KMPUTSBYSA-N
PE(18:0/18:1).M015B,APTOFTJOCNPNQP-WUOYJZDRSA-N
PE(16:0/20:4).M015B,DRIVXEVMDWCWLI-CAQMIEAISA-N
PE(p-16:0/20:4).M015B,UUYSKERSKRMYME-MAIXUNBTSA-N
PE(p-16:0/22:6).M015B,WVGALBKSWOUIEZ-XNHMFJFDSA-N
PG(16:0/18:1).M015B,PAZGBAOHGQRCBP-DDDNOICHSA-N
PG(16:1/18:0).M015B,UTZFGBMGFFOIGB-QCMQKWBUSA-N
PG(18:0/18:0).M015B,FVJZSBGHRPJMMA-IOLBBIBUSA-N
PI(16:0/18:2).M015B,BSNJSZUDOMPYIR-FJESRZELSA-N
PI(17:0/18:2).M015B,AJAKJCJJRMUWFW-WNEYDAEMSA-N
PI(18:0/18:2).M015B,KZVRAFHIKMDULK-LNVBWDHHSA-N
PI(16:0/20:3).M015B,VZEJFGXIOVVAES-KQIHDRGYSA-N
PI(18:0/18:3).M015B,ULRXGRJFRFBBDW-YSRFXXMXSA-N
PI(16:0/20:5).M015B,NRPXUYRMHLPEFZ-XHOZZLLCSA-N
PI(16:0/22:5).M015B,COCGWLCGPZONJF-HOKHPCSXSA-N
PI(18:0/20:5).M015B,WDEXQPPLSHRNLR-NVCSOJBGSA-N
PC(o-16:0/16:0).M015B,WOTHHEHCEYHCFE-LDLOPFEMSA-N
PC(p-18:0/20:4).M015B,FHHVIBPVBBRLOR-IYACIECVSA-N
PE(p-20:0/22:6).M015B,GWWKPJFGKBNJDJ-BMMRUKFOSA-N
PG(16:0/18:0).M015B,KBPVYRBBONZJHF-QPPIDDCLSA-N
PI(16:0/18:3).M015B,UHAJRYVOXHROHT-TYCYVUFNSA-N
PI(17:0/20:3).M015B,LIXWYQRODFZVFD-KUKVXRKUSA-N
PI(18:0/22:4).M015B,YHRFCKNOQBDBPJ-AKIRRARBSA-N
PI(18:0/22:5).M015B,GMEAPEOMXUTQES-IGSKVUGCSA-N
PS(18:0/20:4).M015B,SVOUGFFDROZBJI-DNALCEECSA-N
Ceramide(18:1;O2/22:0).M015B,KEPQASGDXIEOIL-GLQCRSEXSA-N
Ceramide(18:1;O2/24:0).M015B,DVNDZUUWWJPMSI-GSJCRRHGSA-N
Ceramide(18:1;O2/24:1).M015B,WBOZIXHPUPAOIA-SKSRCVHCSA-N
FA(22:4).M015B,TWSWSIQAPQLDBP-DOFZRALJSA-M
FA(22:5).M015B,YUFFSWGQGVEMMI-JLNKQSITSA-N
FA(24:5).M015B,VENRYLMOFDSSDJ-WMPRHZDHSA-M
FA(24:6).M015B,YHGJECVSSKXFCJ-KUBAVDMBSA-M
LPC(14:0/0:0).M015B,VXUOFDJKYGDUJI-OAQYLSRUSA-N
LPC(16:1/0:0).M015B,LFUDDCMNKWEORN-ZXEGGCGDSA-N
LPC(17:0/0:0).M015B,SRRQPVVYXBTRQK-XMMPIXPASA-N
LPC(18:0/0:0).M015B,IHNKQIMGVNPMTC-RUZDIDTESA-N
LPC(18:1/0:0).M015B,YAMUFBLWGFFICM-PTGWMXDISA-N
LPC(18:2/0:0).M015B,SPJFYYJXNPEZDW-FTJOPAKQSA-N
LPC(18:3/0:0).M015B,WKQNRCYKYCKESD-YVHLTTHBSA-N
LPC(20:1/0:0).M015B,YYSFWGQAKJTHRE-MEOKJUQFSA-N
LPC(20:2/0:0).M015B,YYQVCMMXPIJVHY-ZOIJLGJPSA-N
LPC(20:3/0:0).M015B,BBNHCUBQEQJHIG-FZZJNMCHSA-N
LPC(20:4/0:0).M015B,LAXQYRRMGGEGOH-JXRLJXCWSA-N
LPC(20:5/0:0).M015B,PDIGSOAOQOXRDU-WJPZTBRDSA-N
LPC(22:5/0:0).M015B,BIEOSECQPGGZMF-NAIWXXGBSA-N
LPC(22:6/0:0).M015B,LSOWKZULVQWMLY-APPDJCNMSA-N
LPE(20:4/0:0).M015B,ROPRRXYVXLDXQO-XSQXPFHXSA-N
LPE(20:5/0:0).M015B,KCWGBXXAJHVZNN-KOYQJJOGSA-N
LPE(22:6/0:0).M015B,XEVRBOQZSXWGQO-PAUXXPOVSA-N
PC(16:0/16:0).M015B,KILNVBDSWZSGLL-KXQOOQHDSA-N
PC(14:0/18:1).M015B,GMJKBBMXRYZKEP-WYRBGLKBSA-N
PC(16:0/16:1).M015B,QIBZFHLFHCIUOT-NPBIGWJUSA-N
PC(14:0/18:2).M015B,IWXJKHSPEQSQMD-GMGFYYQASA-N
PC(16:1/16:1).M015B,IABPRJCFINAMLD-JSHIBXJCSA-N
PC(15:0/18:0).M015B,SKPMPGXBXHJZPS-LDLOPFEMSA-N
PC(16:0/17:0).M015B,CNHYMCCAIZQMPA-LDLOPFEMSA-N
PC(15:0/18:1).M015B,RXJHZZSLBMAWHO-WKDGQOCCSA-N
PC(15:0/18:2).M015B,DGBYUHHIADYUMU-UESLNCBNSA-N
PC(16:0/18:2).M015B,JLPULHDHAOZNQI-JLOPVYAASA-N
PC(16:1/18:1).M015B,IRYMXEVDAKMFIF-YBLKGUNISA-N
PC(16:0/18:3).M015B,RHYONYKZQNAHFM-RLSXRTNESA-N
PC(16:1/18:2).M015B,QJWDAOSZZYVBJZ-KXESGEQTSA-N
PC(17:0/18:1).M015B,SXNXGNVZTLZDHE-IYEJTHTFSA-N
PC(15:0/20:2).M015B,XSSUJRSOHXBICQ-GPDPEMMZSA-N
PC(17:0/18:2).M015B,KXRABZKUHZBSIX-NLLYEYLDSA-N
PC(18:0/18:1).M015B,ZQWBCUHOUSXNJX-ZXUVKHQDSA-N
PC(16:0/20:2).M015B,ZRTZULWIAWDUBY-UXSLIEDSSA-N
PC(18:0/18:2).M015B,CUGOEPUQEAHPFO-GNGICMBHSA-N
PC(18:1/18:1).M015B,SNKAWJBJQDLSFF-NVKMUCNASA-N
PC(16:0/20:3).M015B,SRIGHEHXEGELQJ-GDRFEWIRSA-N
PC(18:0/18:3).M015B,XMZFUVYOYPLVOA-VLHUWQDUSA-N
PC(18:1/18:2).M015B,SRIGHEHXEGELQJ-GDRFEWIRSA-N
PC(16:0/20:4).M015B,IIZPXYDJLKNOIY-JXPKJXOSSA-N
PC(18:1/18:3).M015B,FVQGNFUBHWGFCY-HJOYQDMMSA-N
PC(18:2/18:2).M015B,FVXDQWZBHIXIEJ-LNDKUQBDSA-O
PC(16:0/20:5).M015B,KLTHQSWIRFFBRI-CPFPVJFHSA-N
PC(16:1/20:4).M015B,YZVMADINWPHQBY-HVRDEFPWSA-N
PC(18:2/18:3).M015B,YZVMADINWPHQBY-HVRDEFPWSA-N
PC(17:0/20:2).M015B,NJLIQBPGIYXXBY-ZBBHDILGSA-N
PC(17:0/20:3).M015B,UHMRBJIYASXMRM-AVYTWQJSSA-N
PC(15:0/22:4).M015B,SZXZIQLLCQQFGE-LITGPGMESA-N
PC(17:0/20:4).M015B,MHUZXLUKTLNHIX-GUNPMBPGSA-N
PC(18:0/20:2).M015B,FWAJKMGKERWLFE-GMCQBSKYSA-N
PC(18:1/20:1).M015B,AJYXDMLIYIHUFX-ZLSPUOOPSA-N
PC(18:2/20:1).M015B,VQHXLFJRJYRJKV-IIRKCDRKSA-N
PC(18:2/20:2).M015B,ORELBRKCYWQHTL-JEHIXBSSSA-N
PC(18:2/20:3).M015B,SMIXWIPQRZURJV-GMLOEBGYSA-N
PC(16:0/22:6).M015B,IESVDEZGAHUQJU-PYFUMDFMSA-N
PC(18:1/20:5).M015B,BLXFIBZJVTVAKI-BLPZMAMRSA-N
PC(18:2/20:4).M015B,ZZSZQATYGVHNLZ-PUMLCSCDSA-N
PC(18:3/20:3).M015B,ZHAKGAMMEBQJPE-VLILCDILSA-N
PC(17:0/22:6).M015B,KSRURLYJRNYEOH-SHHFQLSYSA-N
PC(18:0/22:6).M015B,YZEGHVUBSYVNCN-CVCSLSNUSA-N
PC(18:1/22:5).M015B,FYVNIFOYDIIODX-KNKJIUSSSA-N
PC(20:2/20:4).M015B,TYRTWVKQVGNGSZ-RGBTVBCDSA-N
PC(20:3/20:3).M015B,UCQTXWKYRXXLSS-BLDRONNASA-N
PC(18:1/22:6).M015B,FPEVDFOXMCHLKL-KFDYCXSYSA-N
PC(18:2/22:5).M015B,BPUROMFCPFGBOT-ZEGPSQTJSA-N
PC(20:3/20:4).M015B,WDSGLVUDWOEVDV-NALRNXKASA-N
PC(20:0/22:6).M015B,WAFWSBFKIPCFOF-ZDAJSWCOSA-N
PC(o-16:0/16:1).M015B,HJVQHTGUAIETCQ-VEAYGOGPSA-N
PC(p-18:0/14:0).M015B,DUKGKTNZVUHGNM-MCBGMKGZSA-N
PC(p-16:0/16:1).M015B,FZMYLOBGNYZPQO-QLSONYGBSA-N
PC(o-18:0/16:1).M015B,WFFMOIADEZZLFU-HVLKLTLRSA-N
PC(p-18:0/16:0).M015B,OIICTMOQBYZCDA-IIKIFWEUSA-N
PC(p-16:0/18:2).M015B,QLEHHUPUHJPURI-PWYDUFMYSA-N
PC(p-18:0/18:1).M015B,DSWOVBIRJNAJAF-NVJOKYTBSA-N
PC(o-16:0/20:4).M015B,SOUZQPFUXRVDGK-KCTKZSJBSA-N
PC(p-18:0/18:3).M015B,PYVYDRMXPDZRIS-FINMKEMFSA-N
PC(p-16:0/20:4).M015B,IOYKZPNDXIIXLN-LOQSCQKMSA-N
PC(o-18:0/20:4).M015B,GBNPCIWXLWZJGA-IGBSIYCFSA-N
PC(p-18:0/20:3).M015B,LIRPHCPLRLOMHJ-ABWFFGIPSA-N
PC(p-18:1/20:2).M015B,HIXAZEWYTJZKID-PYOQPOKHSA-N
PC(o-16:0/22:6).M015B,QQQQNYAHSSIZBU-HIQXTUQZSA-N
PC(p-18:0/20:5).M015B,JUCWIWDODRNWRN-REKGFNPQSA-N
PC(o-18:0/22:6).M015B,QBZALASVZLFAHF-KYPHJRDXSA-N
PC(p-18:0/22:6).M015B,TXHZYNSTTCIWMJ-RXSQUPBGSA-N
PE(18:0/18:2).M015B,YDTWOEYVDRKKCR-KNERPIHHSA-N
PE(18:2/18:2).M015B,SSCDRSKJTAQNNB-DWEQTYCFSA-N
PE(18:0/20:2).M015B,WYDGEVICLIVPEG-JMMITYAOSA-N
PE(18:2/20:0).M015B,DPTUTWFSXXDMEO-CNBLIUODSA-N
PE(16:0/22:4).M015B,SQGZFCFLUVPOSZ-IVQYLSTHSA-N
PE(18:0/20:4).M015B,ANRKEHNWXKCXDB-BHFWLYLHSA-N
PE(16:0/22:6).M015B,MPWUZHVZZKSTPV-MADBQMNMSA-N
PE(18:2/20:4).M015B,LFGBKOUQHCWBQI-BZGLIJSBSA-N
PE(18:0/22:6).M015B,XYYHNDVKALDFHQ-OXHZBIAZSA-N
PE(p-16:0/18:2).M015B,LJVXDBWIBQQKFU-CCJYEBHUSA-N
PE(p-18:0/18:2).M015B,XVXISDREVDGQPX-PISDLAQISA-N
PE(p-18:1/18:2).M015B,FAYPJOANJXGJTO-LIWWULAASA-N
PE(p-16:0/20:5).M015B,RLLOITCRNQRGJD-DFAKUSJGSA-N
PE(p-18:0/20:4).M015B,URPXXNCTXCOATD-FXMFQVEGSA-N
PE(p-16:0/22:5).M015B,GZEZURLIXRQSDE-XZJBHEGYSA-N
PE(p-18:0/20:5).M015B,KCNBSSYOJRUKOM-JALPNNRCSA-N
PE(o-18:0/22:6).M015B,CFLIAMAPAOTPGM-AOXDHDBISA-N
PE(p-18:0/22:5).M015B,QIJJGYHBXLEBJV-MVCMTJSTSA-N
PE(p-20:0/20:5).M015B,CVCZYWPCMUWTNS-IXKBFPPMSA-N
PE(p-18:0/22:6).M015B,FIJFPUAJUDAZEY-MNDXXDKYSA-N
PE(p-18:1/22:5).M015B,BGXUVAFAQIKOQM-OYRSOWGGSA-N
PE(p-18:1/22:6).M015B,UKPNUUDYLNCIOE-IZHHWLPXSA-N
PG(16:0/18:2).M015B,ATBOMIWRCZXYSZ-WLGRLVTESA-N
PG(16:1/18:1).M015B,VCYYBLIRAQBPTM-GDNUZSQHSA-N
PG(18:0/18:1).M015B,ZEFGRNLJASLRBZ-QIJYXWHJSA-N
PG(22:6/22:6).M015B,XACKZSRNTPEYBU-ZGXYWNPTSA-N
PI(16:0/18:1).M015B,PDLAMJKMOKWLAJ-PVPULFMTSA-N
PI(16:1/18:0).M015B,TVDFSQJMXQJSTQ-BVXJNBONSA-N
PI(16:1/18:2).M015B,UHAJRYVOXHROHT-TYCYVUFNSA-N
PI(18:1/18:2).M015B,FZEAVXFBDFDVTA-VSFYYVIWSA-N
PI(16:0/20:4).M015B,KIQYUSYSJTUGFZ-UVYWGIEFSA-N
PI(18:2/18:2).M015B,JTPRPYYVVJBCFF-JKZSEWNOSA-N
PI(17:0/20:4).M015B,IVKFRZJXXGDYJH-YAOSNULYSA-N
PI(18:0/20:4).M015B,KRTOMQDUKGRFDJ-LWFBQQSYSA-N
PI(18:1/20:3).M015B,WTRAJKINRRDLTR-ITOJZHLNSA-N
PI(16:0/22:6).M015B,FPHAZHKZJQOPBU-BYFJYSEFSA-N
PI(18:1/20:5).M015B,IJCXVYFTSOSDAQ-DNQNKMNISA-N
PI(18:0/22:6).M015B,DJVOKHFQPGWUPK-PNBUVQRSSA-N
PI(18:1/22:6).M015B,QHPDGSFYNQHVMI-MNSSCRIJSA-N
FA(24:5;O).M015B,WCPFNHAOKQUJEV-YQUHDJBSSA-N
PC(15:0/15:0).M015B,LJARBVLDSOWRJT-PSXMRANNSA-N
Carn(18:2).M012A.4573,MJLXQSQYKZWZCB-DQFWFXSYSA-N
Carn(18:2).M014B,MJLXQSQYKZWZCB-DQFWFXSYSA-N
Carn(20:4).M012A.4749,RBFQHRALHSUPIA-SNPVRQPZSA-N
Carn(20:4).M014B,RBFQHRALHSUPIA-SNPVRQPZSA-N
LPC(15:0/0:0).M012A.5013,RJZVWDTYEWCUAR-JOCHJYFZSA-N
LPC(15:0/0:0).M015B,RJZVWDTYEWCUAR-JOCHJYFZSA-N
LPC(16:0/0:0).M012A.5189.5190.5191,ASWBNKHCZGQVJV-HSZRJFAPSA-N
LPC(16:0/0:0).M015B,ASWBNKHCZGQVJV-HSZRJFAPSA-N
LPE(16:0/0:0).M013A.12712,YVYMBNSKXOXSKW-HXUWFJFHSA-N
LPE(16:0/0:0).M015B,YVYMBNSKXOXSKW-HXUWFJFHSA-N
LPE(18:0/0:0).M013A.12904,BBYWOYAFBUOUFP-JOCHJYFZSA-N
LPE(18:0/0:0).M015B,BBYWOYAFBUOUFP-JOCHJYFZSA-N
MG(14:0).M012A.3464,DCBSHORRWZKAKO-UHFFFAOYSA-N
MG(14:0).M014B,DCBSHORRWZKAKO-UHFFFAOYSA-N
PC(16:0/18:0).M012A.5942,PZNPLUBHRSSFHT-RRHRGVEJSA-N
PC(16:0/18:0).M015B,PZNPLUBHRSSFHT-RRHRGVEJSA-N
PC(18:0/20:4).M012A.5968,DNYKSJQVBCVGOF-LCKGXUDJSA-N
PC(18:0/20:4).M015B,DNYKSJQVBCVGOF-LCKGXUDJSA-N
5-AMINOLEVULINIC ACID.M013A.1756,ZGXJTSGNIOSYLO-UHFFFAOYSA-N
5-Aminolevulinic acid.M012A.596,ZGXJTSGNIOSYLO-UHFFFAOYSA-N
GLYCEROL 3-PHOSPHATE.M013A.3843,AWUCVROLDVIAJX-GSVOUGTGSA-N
Glycerol 3-phosphate.M012A.1381,AWUCVROLDVIAJX-GSVOUGTGSA-N